,set,video,frame,ped_idx,ped,BBox,action,gesture,look,cross
0,set01,video_0001,01013.png,0,1_1_1,"[916.82, 793.32, 929.18, 847.11]",0,0,0,0
1,set01,video_0001,01013.png,0,1_1_2,"[917.42, 796.87, 929.7, 846.4]",0,0,0,0
2,set01,video_0001,01142.png,29,1_1_13,"[1230.37, 771.16, 1253.65, 852.48]",0,0,1,0
3,set01,video_0001,01324.png,0,1_1_3,"[1111.97, 805.05, 1122.51, 831.83]",0,0,0,0
4,set01,video_0001,01324.png,0,1_1_4,"[1119.19, 803.13, 1127.71, 835.05]",0,0,1,0
5,set01,video_0001,01466.png,76,1_1_5,"[761.1, 806.79, 789.5, 884.0]",0,0,0,0
6,set01,video_0001,01466.png,60,1_1_6,"[754.11, 837.01, 770.2, 883.46]",0,0,0,0
7,set01,video_0001,01564.png,0,1_1_7,"[1270.41, 799.4, 1293.25, 876.16]",1,0,0,-1
8,set01,video_0001,09920.png,0,1_1_8,"[1067.64, 813.9, 1074.62, 836.67]",1,0,0,0
9,set01,video_0001,10533.png,0,1_1_14,"[1282.64, 773.55, 1318.81, 881.51]",1,0,1,-1
10,set01,video_0001,13496.png,0,1_1_15,"[1087.94, 812.1, 1095.44, 834.48]",1,0,0,0
11,set01,video_0001,13779.png,244,1_1_16,"[1408.66, 743.54, 1459.52, 879.64]",0,0,0,0
12,set01,video_0001,13811.png,0,1_1_17,"[1070.81, 806.45, 1079.49, 830.71]",0,0,1,0
13,set01,video_0001,13931.png,0,1_1_18,"[804.62, 806.68, 815.67, 838.93]",0,0,0,0
14,set01,video_0001,15144.png,0,1_1_9,"[792.01, 808.52, 800.3, 837.34]",0,0,0,0
15,set01,video_0001,16202.png,0,1_1_11,"[1062.3, 808.2, 1069.1, 829.7]",0,0,0,0
16,set01,video_0001,16237.png,0,1_1_10,"[1133.25, 799.81, 1142.29, 830.98]",1,0,0,0
17,set01,video_0001,16272.png,0,1_1_20,"[834.41, 807.7, 841.61, 831.6]",0,0,0,0
18,set01,video_0001,16556.png,222,1_1_21,"[1675.57, 710.78, 1738.29, 894.87]",0,0,0,0
19,set01,video_0001,17110.png,0,1_1_12,"[1079.43, 806.09, 1091.04, 838.77]",0,0,0,0
20,set01,video_0002,04498.png,0,1_2_53,"[1104.0, 803.73, 1114.36, 835.6]",0,0,0,0
21,set01,video_0002,04840.png,0,1_2_22,"[849.86, 807.8, 859.45, 832.45]",1,0,0,0
22,set01,video_0002,04851.png,0,1_2_23,"[842.17, 808.87, 850.88, 833.6]",1,0,0,0
23,set01,video_0002,05322.png,0,1_2_24,"[6.1, 695.96, 24.43, 738.3]",1,0,0,-1
24,set01,video_0002,05962.png,0,1_2_25,"[981.48, 812.43, 995.81, 845.03]",0,0,0,0
25,set01,video_0002,06219.png,0,1_2_54,"[1333.64, 760.28, 1386.27, 924.98]",0,0,0,0
26,set01,video_0002,06325.png,0,1_2_26,"[964.03, 801.71, 973.35, 823.21]",0,0,0,0
27,set01,video_0002,06935.png,0,1_2_28,"[1111.79, 793.63, 1126.99, 844.69]",0,0,0,0
28,set01,video_0002,07165.png,158,1_2_29,"[1545.22, 627.63, 1718.3, 1080.0]",1,0,0,0
29,set01,video_0002,07165.png,179,1_2_30,"[1600.97, 606.71, 1756.95, 1002.66]",1,0,0,0
30,set01,video_0002,07165.png,170,1_2_31,"[1835.54, 484.46, 1920.0, 974.3]",0,0,0,0
31,set01,video_0002,07535.png,0,1_2_33,"[1157.34, 815.48, 1168.84, 848.38]",1,0,0,0
32,set01,video_0002,07550.png,0,1_2_32,"[1171.22, 789.9, 1182.69, 823.8]",1,0,0,0
33,set01,video_0002,07909.png,119,1_2_34,"[1246.63, 776.19, 1290.34, 863.44]",1,0,0,0
34,set01,video_0002,07909.png,133,1_2_35,"[1292.9, 766.7, 1321.13, 843.35]",1,0,0,0
35,set01,video_0002,07909.png,98,1_2_36,"[1074.73, 801.76, 1089.78, 848.1]",1,0,0,0
36,set01,video_0002,08756.png,630,1_2_37,"[648.66, 806.94, 688.16, 918.2]",1,0,0,0
37,set01,video_0002,10395.png,0,1_2_38,"[1898.72, 660.26, 1920.0, 885.87]",1,0,0,0
38,set01,video_0002,10396.png,0,1_2_42,"[568.01, 792.74, 583.24, 850.07]",1,0,0,0
39,set01,video_0002,12533.png,1891,1_2_44,"[184.73, 702.47, 300.78, 965.28]",1,0,0,1
40,set01,video_0002,12533.png,1866,1_2_45,"[191.6, 703.18, 285.54, 941.54]",1,0,0,1
41,set01,video_0002,12533.png,1792,1_2_39,"[268.01, 739.38, 320.6, 913.0]",1,0,0,1
42,set01,video_0002,12533.png,1744,1_2_40,"[246.96, 720.25, 310.34, 925.28]",1,0,0,1
43,set01,video_0002,12533.png,1261,1_2_41,"[137.16, 700.48, 214.57, 916.58]",1,0,0,1
44,set01,video_0002,13828.png,0,1_2_46,"[1149.87, 793.42, 1174.34, 845.88]",0,0,0,0
45,set01,video_0002,14088.png,255,1_2_48,"[1.89, 604.05, 83.5, 908.0]",0,0,0,0
46,set01,video_0002,14088.png,49,1_2_49,"[1566.85, 743.21, 1593.94, 809.18]",1,0,0,-1
47,set01,video_0002,15615.png,0,1_2_50,"[292.79, 729.22, 318.59, 830.63]",1,0,0,0
48,set01,video_0002,15944.png,155,1_2_51,"[584.43, 733.69, 730.3, 1075.3]",1,0,0,1
49,set01,video_0002,16147.png,118,1_2_52,"[790.49, 701.53, 995.54, 1080.0]",1,0,0,1
50,set01,video_0003,00120.png,0,1_3_59,"[1080.92, 801.04, 1094.39, 852.1]",0,0,0,0
51,set01,video_0003,00404.png,126,1_3_100,"[1761.46, 681.8, 1835.2, 879.45]",0,0,0,0
52,set01,video_0003,00600.png,0,1_3_61,"[1183.99, 794.07, 1191.94, 824.67]",1,0,0,0
53,set01,video_0003,00782.png,0,1_3_101,"[778.54, 803.67, 793.24, 844.23]",0,0,0,0
54,set01,video_0003,02495.png,0,1_3_62,"[962.03, 814.42, 970.17, 840.63]",1,0,0,0
55,set01,video_0003,03438.png,0,1_3_69,"[1044.23, 806.68, 1051.88, 828.1]",0,0,0,0
56,set01,video_0003,03508.png,0,1_3_64,"[1099.32, 806.9, 1107.1, 830.4]",0,0,0,0
57,set01,video_0003,03515.png,0,1_3_63,"[1064.2, 809.6, 1076.4, 837.2]",0,0,0,0
58,set01,video_0003,09089.png,0,1_3_72,"[1043.77, 810.1, 1052.45, 832.66]",0,0,0,0
59,set01,video_0003,10159.png,945,1_3_70,"[1546.83, 643.62, 1655.08, 1014.02]",1,0,0,0
60,set01,video_0003,10159.png,869,1_3_74,"[1685.46, 638.48, 1765.86, 893.76]",1,0,0,0
61,set01,video_0003,10159.png,874,1_3_76,"[1874.11, 551.8, 1920.0, 879.94]",1,0,0,0
62,set01,video_0003,10159.png,826,1_3_75,"[1774.5, 604.95, 1870.4, 914.6]",1,0,0,0
63,set01,video_0003,10609.png,0,1_3_78,"[1912.23, 684.42, 1920.0, 737.33]",0,0,0,0
64,set01,video_0003,11124.png,0,1_3_79,"[1129.86, 796.48, 1142.53, 836.69]",1,0,0,0
65,set01,video_0003,11415.png,0,1_3_80,"[974.9, 793.5, 997.65, 877.88]",1,0,0,0
66,set01,video_0003,11773.png,0,1_3_102,"[1904.67, 678.01, 1920.0, 734.42]",0,0,0,0
67,set01,video_0003,12055.png,0,1_3_81,"[1027.92, 807.59, 1036.8, 834.83]",0,0,0,0
68,set01,video_0003,12736.png,0,1_3_82,"[291.39, 752.13, 350.14, 871.11]",0,0,0,0
69,set01,video_0003,13003.png,0,1_3_83,"[1044.0, 808.24, 1062.4, 856.41]",0,0,0,0
70,set01,video_0003,13032.png,0,1_3_84,"[868.29, 800.23, 888.08, 857.84]",1,0,0,0
71,set01,video_0003,13207.png,156,1_3_85,"[1786.8, 611.6, 1898.39, 983.76]",1,0,0,0
72,set01,video_0003,13207.png,32,1_3_104,"[928.9, 800.99, 946.8, 852.68]",1,0,0,0
73,set01,video_0003,13635.png,0,1_3_86,"[1060.4, 810.26, 1071.75, 837.14]",0,0,0,0
74,set01,video_0003,13910.png,20,1_3_87,"[965.68, 808.73, 977.71, 840.54]",1,0,0,0
75,set01,video_0003,14868.png,0,1_3_88,"[1153.04, 805.01, 1162.74, 839.1]",0,0,0,0
76,set01,video_0003,15690.png,0,1_3_91,"[1096.64, 802.5, 1108.83, 848.95]",0,0,0,0
77,set01,video_0003,16322.png,0,1_3_94,"[805.89, 800.16, 825.35, 865.16]",1,0,0,0
78,set01,video_0003,16355.png,0,1_3_93,"[588.87, 784.3, 614.57, 869.86]",1,0,0,0
79,set01,video_0003,16697.png,197,1_3_95,"[868.43, 801.75, 895.68, 880.38]",1,0,0,0
80,set01,video_0003,17200.png,0,1_3_96,"[983.33, 815.54, 991.65, 834.84]",1,0,0,0
81,set01,video_0003,17751.png,194,1_3_98,"[1313.84, 721.86, 1377.72, 962.98]",1,0,0,-1
82,set01,video_0003,17751.png,178,1_3_99,"[1369.6, 754.56, 1440.64, 953.94]",1,0,0,-1
83,set01,video_0003,17751.png,174,1_3_97,"[1692.01, 613.34, 1854.23, 1080.0]",1,0,0,1
84,set01,video_0003,17751.png,218,1_3_103,"[1183.87, 785.08, 1217.74, 899.68]",0,0,0,0
85,set01,video_0004,00000.png,0,1_4_112,"[1073.21, 802.76, 1081.9, 828.2]",1,0,0,0
86,set01,video_0004,00224.png,0,1_4_105,"[1617.38, 734.28, 1644.9, 804.8]",1,0,0,0
87,set01,video_0004,01287.png,0,1_4_107,"[1131.88, 806.59, 1147.98, 838.54]",0,0,0,0
88,set01,video_0004,03377.png,0,1_4_108,"[1530.61, 761.03, 1543.51, 807.47]",0,0,0,0
89,set01,video_0004,07090.png,0,1_4_110,"[602.27, 804.0, 624.47, 872.21]",1,0,0,0
90,set01,video_0004,07635.png,0,1_4_111,"[245.39, 665.72, 280.29, 831.76]",1,0,0,0
91,set02,video_0001,02823.png,0,2_1_115,"[877.62, 797.7, 889.09, 835.95]",0,0,0,0
92,set02,video_0001,03055.png,0,2_1_113,"[822.34, 775.92, 846.5, 840.8]",1,0,0,0
93,set02,video_0001,03180.png,0,2_1_114,"[1169.02, 773.32, 1193.5, 830.24]",1,0,0,0
94,set02,video_0001,04325.png,0,2_1_116,"[781.18, 786.25, 809.46, 851.24]",1,0,0,0
95,set02,video_0001,05874.png,0,2_1_117,"[1291.12, 750.01, 1314.38, 810.82]",0,0,0,0
96,set02,video_0001,07430.png,645,2_1_119,"[45.36, 705.17, 101.3, 878.9]",1,0,0,1
97,set02,video_0001,07430.png,274,2_1_118,"[88.81, 688.28, 177.18, 946.08]",1,0,1,1
98,set02,video_0001,09831.png,0,2_1_120,"[1353.54, 750.01, 1385.52, 842.15]",0,0,1,0
99,set02,video_0001,10442.png,92,2_1_121,"[1517.08, 719.64, 1563.27, 850.6]",0,0,1,0
100,set02,video_0001,10442.png,80,2_1_122,"[1479.02, 730.78, 1517.39, 847.55]",0,0,1,0
101,set02,video_0001,10442.png,597,2_1_123,"[460.08, 756.83, 491.23, 845.03]",0,0,1,0
102,set02,video_0001,10978.png,0,2_1_125,"[1053.05, 796.65, 1056.85, 807.25]",0,0,0,0
103,set02,video_0001,11021.png,0,2_1_124,"[1070.25, 791.79, 1077.88, 812.08]",0,0,0,0
104,set02,video_0001,11288.png,64,2_1_141,"[806.29, 786.49, 814.31, 810.14]",1,0,0,0
105,set02,video_0001,11397.png,0,2_1_139,"[516.97, 758.57, 536.9, 818.5]",0,0,0,0
106,set02,video_0001,11409.png,0,2_1_136,"[485.67, 752.82, 504.16, 834.42]",0,0,0,0
107,set02,video_0001,12634.png,73,2_1_126,"[799.85, 798.4, 809.88, 826.26]",1,0,0,0
108,set02,video_0001,12634.png,39,2_1_127,"[785.56, 796.82, 796.95, 827.22]",1,0,0,0
109,set02,video_0001,14254.png,0,2_1_128,"[878.49, 781.3, 893.25, 813.94]",0,0,0,0
110,set02,video_0001,15148.png,0,2_1_129,"[1115.78, 772.93, 1130.67, 800.2]",1,0,0,0
111,set02,video_0001,15770.png,466,2_1_130,"[1504.44, 673.5, 1564.38, 850.16]",1,0,0,1
112,set02,video_0001,15770.png,456,2_1_131,"[1581.05, 669.77, 1641.3, 844.1]",1,0,0,1
113,set02,video_0001,15770.png,450,2_1_132,"[1644.72, 654.82, 1692.08, 828.97]",1,0,0,1
114,set02,video_0001,15770.png,217,2_1_133,"[1828.05, 571.86, 1903.06, 813.12]",1,0,0,0
115,set02,video_0001,16204.png,0,2_1_134,"[1092.28, 800.02, 1101.8, 826.0]",1,0,0,0
116,set02,video_0001,16402.png,9,2_1_135,"[1081.56, 788.78, 1088.11, 809.5]",0,0,0,0
117,set02,video_0001,17518.png,0,2_1_144,"[1135.69, 790.74, 1148.08, 827.93]",0,0,0,0
118,set02,video_0001,17728.png,0,2_1_142,"[683.91, 790.41, 703.2, 855.53]",0,0,0,0
119,set02,video_0001,17825.png,80,2_1_143,"[1796.22, 592.28, 1856.91, 853.51]",0,0,0,0
120,set02,video_0001,17825.png,117,2_1_145,"[494.81, 762.17, 515.62, 832.89]",1,0,0,0
121,set02,video_0002,02106.png,0,2_2_146,"[859.9, 786.41, 866.8, 813.7]",0,0,1,0
122,set02,video_0002,02288.png,174,2_2_147,"[65.18, 672.28, 123.1, 845.3]",0,0,1,0
123,set02,video_0002,02606.png,0,2_2_180,"[1330.01, 762.63, 1343.53, 802.16]",1,0,0,0
124,set02,video_0002,03198.png,590,2_2_181,"[78.1, 721.25, 112.81, 849.6]",1,0,0,0
125,set02,video_0002,03198.png,553,2_2_182,"[165.9, 730.1, 208.88, 881.12]",1,0,0,1
126,set02,video_0002,03198.png,551,2_2_183,"[108.85, 726.65, 153.99, 870.63]",1,0,0,1
127,set02,video_0002,03198.png,374,2_2_189,"[1046.28, 703.7, 1217.26, 1012.43]",1,0,0,1
128,set02,video_0002,03198.png,344,2_2_187,"[1096.54, 686.3, 1232.82, 1022.63]",1,0,0,1
129,set02,video_0002,03198.png,290,2_2_191,"[285.57, 771.67, 299.36, 818.37]",1,0,0,0
130,set02,video_0002,03198.png,63,2_2_184,"[1868.78, 624.13, 1919.19, 818.57]",0,0,0,0
131,set02,video_0002,03198.png,247,2_2_188,"[766.33, 724.56, 908.7, 998.3]",1,0,0,1
132,set02,video_0002,04589.png,801,2_2_192,"[366.0, 768.97, 410.58, 886.36]",0,0,0,0
133,set02,video_0002,04589.png,354,2_2_193,"[1318.35, 776.85, 1381.68, 903.0]",1,0,0,1
134,set02,video_0002,04670.png,0,2_2_148,"[1066.24, 785.64, 1076.8, 821.17]",0,0,0,0
135,set02,video_0002,04670.png,0,2_2_149,"[1076.8, 786.0, 1097.25, 821.21]",0,0,0,0
136,set02,video_0002,05116.png,0,2_2_150,"[594.74, 775.8, 610.94, 833.34]",0,0,0,0
137,set02,video_0002,05593.png,0,2_2_152,"[0.0, 661.66, 19.11, 838.12]",1,0,0,0
138,set02,video_0002,06805.png,0,2_2_156,"[1090.93, 774.21, 1099.22, 809.8]",1,0,0,0
139,set02,video_0002,08315.png,0,2_2_158,"[1175.58, 764.01, 1189.7, 814.53]",1,0,0,0
140,set02,video_0002,08434.png,0,2_2_157,"[1664.58, 674.45, 1698.8, 776.1]",1,0,0,0
141,set02,video_0002,10333.png,0,2_2_159,"[1114.83, 769.94, 1130.06, 810.5]",1,0,0,0
142,set02,video_0002,10746.png,157,2_2_160,"[456.07, 765.63, 529.0, 905.78]",1,0,0,-1
143,set02,video_0002,10746.png,393,2_2_161,"[734.98, 787.14, 771.77, 865.54]",1,0,0,0
144,set02,video_0002,11168.png,0,2_2_163,"[723.43, 745.02, 758.96, 856.99]",0,0,0,0
145,set02,video_0002,11493.png,0,2_2_164,"[820.24, 769.77, 843.6, 855.5]",0,0,0,0
146,set02,video_0002,12006.png,0,2_2_165,"[945.07, 779.87, 957.85, 824.33]",0,0,0,0
147,set02,video_0002,12517.png,0,2_2_166,"[791.64, 762.59, 812.21, 823.96]",1,0,0,0
148,set02,video_0002,13095.png,0,2_2_169,"[655.09, 774.39, 671.92, 834.57]",0,0,0,0
149,set02,video_0002,13851.png,0,2_2_167,"[447.81, 731.35, 486.46, 848.8]",1,0,0,0
150,set02,video_0002,14172.png,1017,2_2_170,"[0.0, 632.1, 84.7, 929.8]",0,0,0,0
151,set02,video_0002,14172.png,175,2_2_171,"[780.93, 798.51, 802.0, 862.6]",0,0,1,0
152,set02,video_0002,15472.png,0,2_2_173,"[1085.74, 772.99, 1096.72, 808.23]",1,0,0,0
153,set02,video_0002,15485.png,0,2_2_172,"[953.99, 780.07, 968.25, 820.45]",1,0,0,0
154,set02,video_0002,16350.png,0,2_2_175,"[1075.64, 783.3, 1087.3, 817.47]",1,0,0,0
155,set02,video_0002,16421.png,0,2_2_174,"[883.66, 780.18, 907.42, 851.9]",0,0,0,0
156,set02,video_0002,16722.png,304,2_2_177,"[884.24, 772.19, 936.06, 882.05]",1,0,0,1
157,set02,video_0002,16722.png,266,2_2_178,"[906.3, 775.8, 954.3, 882.7]",1,0,0,1
158,set02,video_0002,17044.png,0,2_2_179,"[791.54, 774.33, 811.54, 859.12]",0,0,1,0
159,set02,video_0003,00821.png,0,2_3_194,"[110.61, 704.5, 134.85, 802.92]",1,0,0,0
160,set02,video_0003,01178.png,108,2_3_195,"[206.22, 676.5, 323.15, 1021.85]",1,0,0,1
161,set02,video_0003,01178.png,134,2_3_198,"[1713.67, 639.27, 1789.52, 868.6]",1,0,0,0
162,set02,video_0003,01178.png,302,2_3_197,"[1272.97, 744.08, 1375.92, 1009.06]",1,0,0,1
163,set02,video_0003,01344.png,41,2_3_196,"[55.5, 670.67, 112.17, 876.12]",1,0,0,0
164,set02,video_0003,01637.png,415,2_3_199,"[1687.89, 656.5, 1739.33, 832.07]",0,0,0,0
165,set02,video_0003,01637.png,391,2_3_200,"[82.76, 680.84, 145.14, 925.28]",1,0,0,1
166,set02,video_0003,01637.png,363,2_3_201,"[3.53, 665.08, 67.35, 923.47]",1,0,0,0
167,set02,video_0003,01637.png,145,2_3_202,"[1191.88, 678.6, 1377.64, 1052.74]",1,0,0,1
168,set02,video_0003,01988.png,0,2_3_215,"[1012.42, 797.72, 1020.07, 820.67]",0,0,0,0
169,set02,video_0003,02115.png,0,2_3_213,"[801.27, 795.18, 814.28, 832.15]",0,0,0,0
170,set02,video_0003,02115.png,0,2_3_214,"[812.67, 794.99, 823.47, 831.83]",0,0,0,0
171,set02,video_0003,02220.png,111,2_3_217,"[1849.21, 595.29, 1909.8, 845.85]",0,0,0,0
172,set02,video_0003,02368.png,0,2_3_203,"[1200.92, 761.46, 1217.24, 815.78]",0,0,0,0
173,set02,video_0003,03583.png,0,2_3_207,"[1468.36, 728.35, 1522.29, 846.38]",1,0,0,0
174,set02,video_0003,03801.png,0,2_3_210,"[1113.38, 789.62, 1135.56, 853.88]",1,0,0,0
175,set02,video_0003,03821.png,0,2_3_208,"[1050.92, 794.58, 1071.75, 861.3]",1,0,0,0
176,set02,video_0003,04367.png,0,2_3_211,"[1125.16, 768.6, 1133.53, 799.59]",0,0,0,0
177,set02,video_0003,04445.png,0,2_3_209,"[1183.17, 772.17, 1191.84, 805.58]",1,0,0,0
178,set02,video_0003,05325.png,0,2_3_206,"[706.61, 783.52, 715.53, 826.11]",0,0,0,0
179,set02,video_0003,05482.png,0,2_3_204,"[1231.57, 766.41, 1243.6, 811.9]",0,0,0,0
180,set02,video_0003,06044.png,550,2_3_205,"[1795.39, 641.01, 1842.32, 834.06]",0,0,0,0
181,set04,video_0001,02499.png,0,4_1_1002,"[1077.51, 751.56, 1091.6, 788.1]",0,0,0,0
182,set04,video_0001,03210.png,0,4_1_1003,"[882.9, 754.71, 887.8, 766.96]",1,0,0,0
183,set04,video_0001,03406.png,0,4_1_1004,"[1077.79, 715.32, 1089.98, 759.39]",0,0,0,0
184,set04,video_0001,03780.png,0,4_1_1007,"[1058.6, 731.53, 1074.2, 764.22]",0,0,0,0
185,set04,video_0001,03780.png,0,4_1_1006,"[1068.85, 732.48, 1078.4, 765.32]",0,0,0,0
186,set04,video_0001,03823.png,0,4_1_1005,"[1126.03, 726.27, 1137.68, 770.76]",0,0,0,0
187,set04,video_0001,03931.png,66,4_1_1008,"[1816.0, 638.97, 1873.58, 824.54]",0,0,1,0
188,set04,video_0001,05321.png,0,4_1_1009,"[1008.57, 734.58, 1020.52, 770.17]",0,0,0,0
189,set04,video_0001,05381.png,0,4_1_1010,"[1098.56, 733.51, 1112.75, 777.37]",0,0,0,0
190,set04,video_0001,07020.png,0,4_1_1011,"[1028.86, 726.28, 1039.85, 758.21]",0,0,0,0
191,set04,video_0001,07286.png,219,4_1_1012,"[1839.2, 620.27, 1909.5, 863.1]",0,0,0,0
192,set04,video_0001,07286.png,201,4_1_1013,"[1615.0, 676.83, 1671.56, 847.74]",0,0,1,0
193,set04,video_0001,07286.png,176,4_1_1014,"[1152.22, 728.9, 1174.38, 787.44]",1,0,0,0
194,set04,video_0001,07286.png,176,4_1_1015,"[1176.89, 735.55, 1192.13, 783.1]",0,0,0,0
195,set04,video_0001,07286.png,123,4_1_1016,"[1335.73, 711.03, 1362.06, 785.68]",1,0,0,-1
196,set04,video_0001,09326.png,0,4_1_1017,"[1155.42, 744.02, 1171.73, 775.31]",1,0,0,0
197,set04,video_0001,09372.png,0,4_1_1018,"[1085.97, 741.62, 1098.83, 777.42]",0,0,0,0
198,set04,video_0001,09548.png,124,4_1_1019,"[1857.55, 617.63, 1917.9, 872.78]",0,0,0,0
199,set04,video_0001,09974.png,0,4_1_1022,"[896.49, 735.94, 903.89, 755.83]",1,0,0,0
200,set04,video_0001,10027.png,0,4_1_1020,"[1118.4, 728.43, 1130.68, 766.37]",1,0,0,0
201,set04,video_0001,10139.png,82,4_1_1021,"[1339.97, 711.97, 1366.64, 790.36]",0,0,0,0
202,set04,video_0001,10139.png,77,4_1_1023,"[907.27, 731.46, 915.87, 753.84]",0,0,0,0
203,set04,video_0001,10295.png,0,4_1_1024,"[846.79, 719.52, 865.29, 782.98]",0,0,0,0
204,set04,video_0001,12212.png,0,4_1_1026,"[1657.51, 680.14, 1695.67, 784.09]",0,0,0,0
205,set04,video_0001,13021.png,0,4_1_1034,"[1238.4, 727.94, 1257.34, 773.77]",1,0,0,0
206,set04,video_0001,13574.png,0,4_1_1032,"[891.16, 735.08, 910.55, 783.11]",1,0,0,-1
207,set04,video_0001,13735.png,0,4_1_1027,"[1896.48, 659.69, 1920.0, 770.74]",1,0,0,0
208,set04,video_0001,14022.png,0,4_1_1028,"[1891.28, 640.59, 1920.0, 791.36]",1,0,0,0
209,set04,video_0001,14330.png,36,4_1_1029,"[1484.25, 715.27, 1508.97, 778.81]",0,0,0,0
210,set04,video_0001,15072.png,1524,4_1_1033,"[1685.64, 623.4, 1774.28, 959.14]",0,0,1,0
211,set04,video_0001,15072.png,479,4_1_1037,"[1504.47, 672.13, 1593.7, 948.2]",0,0,1,0
212,set04,video_0001,15072.png,813,4_1_1038,"[1764.49, 722.3, 1885.06, 1020.72]",1,0,0,0
213,set04,video_0002,00033.png,0,4_2_1048,"[880.5, 735.83, 890.19, 762.71]",1,0,0,0
214,set04,video_0002,00224.png,116,4_2_1049,"[750.78, 725.45, 771.79, 781.02]",1,0,0,0
215,set04,video_0002,01380.png,0,4_2_1050,"[1268.98, 721.75, 1293.73, 779.49]",1,0,0,0
216,set04,video_0002,01535.png,114,4_2_1051,"[1693.1, 614.96, 1791.18, 924.86]",1,0,1,0
217,set04,video_0002,01582.png,0,4_2_1052,"[869.27, 740.43, 877.35, 759.98]",0,0,0,0
218,set04,video_0002,02376.png,0,4_2_1055,"[953.56, 718.8, 965.04, 753.23]",0,0,0,0
219,set04,video_0002,02705.png,303,4_2_1057,"[1709.31, 571.23, 1906.39, 1061.67]",0,0,0,0
220,set04,video_0002,02705.png,189,4_2_1059,"[556.71, 644.1, 677.88, 936.24]",1,0,0,1
221,set04,video_0002,02705.png,109,4_2_1060,"[1442.24, 651.59, 1535.7, 907.1]",1,0,0,1
222,set04,video_0002,02705.png,155,4_2_1062,"[803.84, 644.75, 908.53, 989.73]",1,0,0,1
223,set04,video_0002,02705.png,206,4_2_1063,"[1230.66, 714.24, 1271.65, 815.49]",1,0,0,0
224,set04,video_0002,02705.png,88,4_2_1061,"[1491.57, 672.24, 1577.32, 878.08]",1,0,0,1
225,set04,video_0002,02954.png,0,4_2_1065,"[860.25, 730.91, 872.3, 756.2]",1,0,0,0
226,set04,video_0002,03021.png,0,4_2_1066,"[1048.28, 714.7, 1071.12, 776.51]",1,0,0,0
227,set04,video_0002,03597.png,68,4_2_1068,"[987.72, 740.33, 1004.99, 783.08]",1,0,0,0
228,set04,video_0002,03597.png,168,4_2_1067,"[1012.12, 698.51, 1094.63, 890.67]",1,0,0,1
229,set04,video_0002,03929.png,26,4_2_1069,"[1028.16, 724.14, 1047.2, 777.1]",1,0,0,0
230,set04,video_0002,03929.png,17,4_2_1070,"[766.76, 714.77, 786.34, 766.74]",1,0,0,0
231,set04,video_0002,04420.png,0,4_2_1085,"[1002.6, 750.27, 1011.52, 779.38]",0,0,0,0
232,set04,video_0002,04639.png,0,4_2_1073,"[932.86, 732.64, 945.7, 776.47]",1,0,0,0
233,set04,video_0002,05216.png,0,4_2_1074,"[6.53, 654.09, 30.33, 721.24]",1,0,0,0
234,set04,video_0002,07039.png,0,4_2_1075,"[93.3, 659.52, 104.01, 700.52]",0,0,0,0
235,set04,video_0002,07602.png,0,4_2_1077,"[0.0, 655.02, 7.64, 676.51]",1,0,0,0
236,set04,video_0002,09340.png,0,4_2_1078,"[1180.94, 710.92, 1203.83, 789.8]",0,0,0,0
237,set04,video_0002,09866.png,227,4_2_1079,"[238.05, 649.11, 337.86, 979.38]",0,0,0,0
238,set04,video_0002,09866.png,270,4_2_1080,"[20.43, 599.14, 105.4, 939.6]",0,0,0,0
239,set04,video_0002,10588.png,0,4_2_1081,"[1069.04, 719.18, 1085.71, 767.7]",1,0,0,0
240,set04,video_0002,11015.png,413,4_2_1082,"[9.1, 655.92, 72.75, 888.22]",1,0,0,0
241,set04,video_0002,11015.png,134,4_2_1083,"[1647.03, 579.95, 1727.7, 836.76]",1,0,0,0
242,set04,video_0002,11675.png,0,4_2_1084,"[0.0, 649.59, 35.36, 867.14]",1,0,0,0
243,set04,video_0002,12030.png,250,4_2_1086,"[1285.04, 651.56, 1411.1, 973.3]",1,0,0,0
244,set04,video_0002,12030.png,92,4_2_1087,"[1649.56, 622.98, 1718.78, 817.32]",1,0,0,0
245,set04,video_0002,12229.png,186,4_2_1088,"[1717.21, 608.5, 1791.9, 869.7]",1,0,0,0
246,set04,video_0002,12229.png,177,4_2_1089,"[1804.82, 597.73, 1869.6, 833.4]",1,0,0,0
247,set04,video_0002,12573.png,0,4_2_1090,"[850.16, 721.38, 863.49, 765.24]",1,0,0,0
248,set04,video_0002,12711.png,99,4_2_1091,"[1115.43, 710.56, 1153.46, 801.18]",0,0,1,0
249,set04,video_0002,12711.png,3,4_2_1092,"[1106.69, 716.86, 1125.48, 767.58]",1,0,0,0
250,set04,video_0002,12779.png,66,4_2_1093,"[1471.12, 658.01, 1529.58, 835.92]",1,0,0,0
251,set04,video_0002,12779.png,62,4_2_1094,"[1535.17, 655.14, 1601.2, 840.3]",1,0,0,0
252,set04,video_0002,13229.png,0,4_2_1097,"[988.54, 722.32, 1009.34, 790.67]",1,0,0,0
253,set04,video_0002,13384.png,142,4_2_1098,"[27.16, 579.62, 177.19, 1068.29]",1,0,0,1
254,set04,video_0002,13384.png,95,4_2_1099,"[915.09, 739.26, 940.8, 810.0]",1,0,0,1
255,set04,video_0002,13384.png,81,4_2_1100,"[939.94, 739.28, 960.0, 809.2]",1,0,0,1
256,set04,video_0002,13384.png,19,4_2_1101,"[780.18, 722.7, 815.1, 827.98]",1,0,0,0
257,set04,video_0002,13527.png,27,4_2_1102,"[963.51, 731.05, 982.4, 783.82]",1,0,0,1
258,set04,video_0002,13618.png,0,4_2_1105,"[425.16, 698.27, 453.72, 804.24]",0,0,0,0
259,set04,video_0002,13696.png,161,4_2_1103,"[53.95, 608.82, 219.6, 1006.38]",1,0,0,1
260,set04,video_0002,13815.png,5,4_2_1106,"[596.25, 704.79, 626.19, 792.99]",1,0,0,0
261,set04,video_0002,13815.png,56,4_2_1107,"[565.39, 709.23, 606.49, 822.47]",0,0,0,0
262,set04,video_0002,13815.png,57,4_2_1108,"[658.13, 736.51, 671.84, 781.4]",0,0,0,0
263,set04,video_0002,13815.png,9,4_2_1110,"[667.22, 736.45, 678.83, 774.72]",0,0,0,0
264,set04,video_0002,13815.png,25,4_2_1109,"[719.59, 741.21, 735.76, 777.08]",1,0,0,0
265,set04,video_0002,14153.png,66,4_2_1112,"[792.51, 715.05, 834.7, 826.24]",1,0,0,0
266,set04,video_0002,14153.png,9,4_2_1115,"[1057.76, 726.14, 1078.74, 781.81]",1,0,0,0
267,set04,video_0002,14153.png,54,4_2_1116,"[1033.06, 726.33, 1052.94, 778.13]",1,0,0,0
268,set04,video_0002,14186.png,0,4_2_1113,"[816.13, 710.44, 855.14, 818.18]",0,0,0,0
269,set04,video_0002,14298.png,92,4_2_1114,"[25.37, 529.37, 146.27, 1051.13]",0,0,0,0
270,set04,video_0002,14511.png,68,4_2_1118,"[908.31, 752.19, 919.22, 779.5]",1,0,0,0
271,set04,video_0002,14739.png,193,4_2_1119,"[1044.8, 721.73, 1085.5, 834.98]",1,0,0,0
272,set04,video_0002,15279.png,0,4_2_1120,"[1424.47, 668.83, 1469.05, 800.72]",1,0,0,0
273,set04,video_0002,15532.png,224,4_2_1121,"[13.12, 631.83, 103.02, 962.68]",1,0,0,1
274,set04,video_0003,00250.png,0,4_3_1123,"[1902.66, 671.02, 1916.12, 700.7]",1,0,0,0
275,set04,video_0003,00361.png,0,4_3_1122,"[772.31, 729.17, 793.91, 785.14]",1,0,1,0
276,set04,video_0003,01153.png,53,4_3_1127,"[877.11, 725.08, 891.07, 769.52]",0,0,0,0
277,set04,video_0003,01180.png,0,4_3_1125,"[779.67, 715.15, 800.24, 778.32]",1,0,0,0
278,set04,video_0003,01417.png,147,4_3_1126,"[827.25, 722.98, 850.14, 793.08]",0,0,1,0
279,set04,video_0003,01727.png,0,4_3_1129,"[737.23, 711.79, 760.71, 770.17]",1,0,0,0
280,set04,video_0003,01793.png,0,4_3_1128,"[1142.71, 722.4, 1167.8, 793.4]",1,0,0,0
281,set04,video_0003,02454.png,0,4_3_1134,"[981.26, 734.2, 989.56, 765.64]",0,0,0,0
282,set04,video_0003,02454.png,0,4_3_1133,"[975.21, 735.69, 983.06, 766.03]",0,0,0,0
283,set04,video_0003,03454.png,304,4_3_1136,"[1815.64, 567.44, 1917.07, 1034.15]",0,0,0,0
284,set04,video_0003,03454.png,269,4_3_1137,"[1142.68, 695.33, 1193.72, 843.52]",1,0,0,0
285,set04,video_0003,03968.png,0,4_3_1140,"[862.33, 729.8, 874.85, 771.11]",1,0,0,0
286,set04,video_0003,04927.png,0,4_3_1138,"[901.06, 737.41, 911.93, 766.32]",0,0,0,0
287,set04,video_0003,05511.png,317,4_3_1139,"[1139.43, 704.12, 1194.48, 844.8]",1,0,0,0
288,set04,video_0003,05688.png,0,4_3_1141,"[811.02, 728.23, 828.6, 793.3]",0,0,0,0
289,set04,video_0003,05901.png,195,4_3_1142,"[4.75, 514.58, 113.95, 954.4]",0,0,1,0
290,set04,video_0003,11300.png,0,4_3_1143,"[496.64, 704.04, 545.09, 842.66]",0,0,0,0
291,set04,video_0003,12387.png,0,4_3_1150,"[981.2, 730.8, 989.16, 752.2]",0,0,0,0
292,set04,video_0003,12410.png,0,4_3_1147,"[865.76, 735.58, 876.85, 755.14]",0,0,0,0
293,set04,video_0003,12902.png,0,4_3_1151,"[1004.68, 730.9, 1018.61, 770.63]",1,0,0,0
294,set04,video_0003,13284.png,0,4_3_1153,"[973.31, 721.1, 983.6, 749.3]",0,0,0,0
295,set04,video_0003,13827.png,0,4_3_1156,"[1008.82, 724.92, 1026.02, 768.28]",1,0,0,0
296,set04,video_0003,14125.png,83,4_3_1154,"[170.7, 649.12, 268.78, 912.88]",1,0,1,1
297,set04,video_0003,14125.png,99,4_3_1155,"[416.93, 657.01, 485.9, 894.46]",1,0,0,0
298,set04,video_0003,14125.png,92,4_3_1157,"[394.41, 662.82, 460.61, 876.21]",1,0,0,0
299,set04,video_0003,14504.png,7,4_3_1158,"[14.8, 665.01, 44.86, 782.86]",1,0,0,0
300,set04,video_0003,14652.png,61,4_3_1161,"[876.97, 725.99, 891.62, 760.62]",1,0,0,0
301,set04,video_0003,14884.png,0,4_3_1162,"[1156.49, 710.19, 1179.75, 771.0]",1,0,0,0
302,set04,video_0003,14925.png,0,4_3_1160,"[1317.91, 706.2, 1361.06, 838.19]",1,0,0,0
303,set04,video_0003,15097.png,201,4_3_1163,"[1744.82, 642.59, 1865.67, 1066.77]",1,0,0,0
304,set04,video_0003,15289.png,0,4_3_1164,"[989.12, 721.33, 1013.79, 784.78]",0,0,0,0
305,set04,video_0003,15493.png,0,4_3_1165,"[919.26, 732.82, 928.85, 767.01]",1,0,0,0
306,set04,video_0003,15675.png,94,4_3_1166,"[1003.59, 720.62, 1017.43, 761.63]",1,0,0,0
307,set04,video_0004,00281.png,0,4_4_1169,"[1319.93, 716.28, 1334.98, 763.71]",1,0,0,0
308,set04,video_0004,00698.png,238,4_4_1170,"[1058.6, 694.29, 1129.54, 904.67]",1,0,1,0
309,set04,video_0004,01343.png,0,4_4_1173,"[1004.9, 728.4, 1012.35, 746.4]",1,0,0,0
310,set04,video_0004,01385.png,0,4_4_1172,"[993.04, 729.56, 1005.02, 759.14]",1,0,0,0
311,set04,video_0004,01509.png,0,4_4_1171,"[1192.27, 699.06, 1243.8, 864.64]",0,0,0,0
312,set04,video_0004,01836.png,0,4_4_1174,"[642.39, 696.01, 680.16, 807.46]",1,0,0,0
313,set04,video_0004,02233.png,320,4_4_1176,"[1817.17, 587.07, 1920.0, 1057.7]",0,0,0,0
314,set04,video_0004,02687.png,0,4_4_1177,"[996.99, 722.44, 1026.4, 794.68]",1,0,0,0
315,set04,video_0004,02944.png,0,4_4_1179,"[1111.41, 713.19, 1138.04, 779.13]",0,0,0,0
316,set04,video_0004,03380.png,0,4_4_1178,"[1154.95, 687.1, 1224.3, 834.5]",1,0,0,0
317,set04,video_0004,04209.png,309,4_4_1181,"[381.38, 694.7, 440.36, 840.08]",0,5,0,0
318,set04,video_0004,04209.png,56,4_4_1182,"[1052.25, 739.31, 1070.74, 799.33]",1,0,0,0
319,set04,video_0004,04209.png,56,4_4_1183,"[1038.1, 736.66, 1059.0, 802.6]",1,0,0,0
320,set04,video_0004,04589.png,364,4_4_1184,"[1365.63, 686.09, 1469.88, 905.18]",1,0,0,0
321,set04,video_0004,04589.png,291,4_4_1185,"[1300.75, 685.06, 1385.9, 917.06]",1,0,0,0
322,set04,video_0004,04589.png,275,4_4_1187,"[517.83, 691.28, 620.12, 907.3]",1,0,1,0
323,set04,video_0004,04663.png,1,4_4_1188,"[1038.69, 737.02, 1054.3, 768.74]",1,0,0,0
324,set04,video_0004,05187.png,0,4_4_1191,"[1070.96, 727.17, 1090.61, 776.46]",0,0,0,0
325,set04,video_0004,05237.png,0,4_4_1189,"[1467.59, 678.62, 1520.23, 839.11]",0,0,0,0
326,set04,video_0004,05439.png,201,4_4_1190,"[838.62, 729.43, 871.58, 812.49]",1,0,0,0
327,set04,video_0004,05821.png,0,4_4_1192,"[853.13, 729.06, 862.49, 753.68]",0,0,0,0
328,set04,video_0004,08046.png,0,4_4_1193,"[941.23, 733.73, 948.86, 757.2]",0,0,0,0
329,set04,video_0004,08452.png,41,4_4_1194,"[1494.2, 735.23, 1520.56, 809.8]",0,0,0,0
330,set04,video_0004,12845.png,0,4_4_1195,"[1042.27, 734.34, 1048.27, 750.76]",0,0,0,0
331,set04,video_0004,13415.png,0,4_4_1199,"[1006.31, 732.34, 1014.27, 761.21]",0,0,0,0
332,set04,video_0004,13453.png,0,4_4_1200,"[1018.71, 725.03, 1029.46, 766.24]",0,0,0,0
333,set04,video_0004,15479.png,0,4_4_1202,"[1145.95, 743.53, 1170.46, 810.17]",0,0,0,0
334,set04,video_0004,15649.png,162,4_4_1201,"[1693.83, 580.54, 1808.8, 992.7]",0,0,0,0
335,set04,video_0004,15649.png,164,4_4_1203,"[1464.4, 612.4, 1637.44, 1003.44]",1,0,0,0
336,set04,video_0004,15755.png,0,4_4_1204,"[804.94, 741.51, 820.7, 781.29]",1,0,0,0
337,set04,video_0005,04236.png,0,4_5_1206,"[1046.78, 743.21, 1058.47, 772.75]",0,0,0,0
338,set04,video_0005,04237.png,0,4_5_1205,"[1034.71, 728.38, 1052.69, 775.44]",0,0,0,0
339,set04,video_0005,04441.png,80,4_5_1207,"[1795.62, 611.81, 1858.35, 864.8]",1,0,0,0
340,set04,video_0005,05160.png,0,4_5_1208,"[1207.73, 720.51, 1218.7, 751.87]",0,0,0,0
341,set04,video_0005,08721.png,0,4_5_1210,"[1378.7, 722.83, 1390.94, 754.07]",1,0,0,0
342,set04,video_0005,08835.png,0,4_5_1209,"[1379.84, 720.72, 1394.52, 754.99]",1,0,0,0
343,set04,video_0005,10883.png,0,4_5_1211,"[1155.07, 730.45, 1170.49, 780.69]",1,0,0,0
344,set04,video_0005,11345.png,388,4_5_1215,"[111.1, 666.27, 174.3, 850.88]",1,0,0,1
345,set04,video_0005,11345.png,42,4_5_1219,"[1692.86, 637.17, 1788.4, 831.3]",1,0,0,0
346,set04,video_0005,11345.png,413,4_5_1217,"[830.25, 679.64, 948.6, 914.0]",1,0,0,1
347,set04,video_0005,11345.png,415,4_5_1218,"[829.19, 688.42, 941.24, 895.74]",1,0,0,1
348,set04,video_0005,11345.png,385,4_5_1213,"[31.17, 668.86, 68.45, 813.88]",1,0,0,1
349,set04,video_0005,11345.png,363,4_5_1216,"[311.12, 677.45, 369.5, 865.96]",1,0,0,1
350,set04,video_0005,13344.png,0,4_5_1223,"[674.9, 719.97, 691.42, 768.67]",0,0,0,0
351,set04,video_0005,13353.png,0,4_5_1221,"[630.72, 716.02, 653.92, 778.75]",1,0,0,0
352,set04,video_0005,14859.png,0,4_5_1225,"[1145.05, 732.09, 1166.63, 791.11]",1,0,1,0
353,set04,video_0005,15272.png,404,4_5_1226,"[81.0, 594.1, 155.7, 852.4]",1,0,0,0
354,set04,video_0005,15272.png,272,4_5_1231,"[416.31, 634.59, 489.46, 848.96]",1,0,0,0
355,set04,video_0006,02112.png,0,4_6_1232,"[804.67, 739.24, 815.3, 765.66]",1,0,0,0
356,set04,video_0006,02451.png,0,4_6_1234,"[625.57, 719.49, 641.61, 761.31]",1,0,0,0
357,set04,video_0006,03206.png,170,4_6_1235,"[164.72, 645.53, 305.4, 988.6]",1,0,0,1
358,set04,video_0006,03572.png,0,4_6_1236,"[741.45, 716.05, 757.6, 777.47]",1,0,0,0
359,set04,video_0006,05215.png,0,4_6_1238,"[1147.38, 723.71, 1165.02, 774.28]",1,0,0,0
360,set04,video_0006,05777.png,522,4_6_1239,"[11.99, 595.0, 110.72, 981.22]",1,0,0,1
361,set04,video_0006,05937.png,0,4_6_1240,"[708.81, 729.13, 722.89, 768.3]",0,0,0,0
362,set04,video_0006,06540.png,535,4_6_1245,"[1640.28, 647.91, 1724.97, 856.92]",1,0,0,0
363,set04,video_0006,06540.png,396,4_6_1250,"[2.38, 598.8, 64.84, 839.82]",1,0,0,1
364,set04,video_0006,06988.png,0,4_6_1251,"[609.76, 720.91, 626.14, 767.69]",1,0,0,0
365,set04,video_0006,07206.png,20,4_6_1253,"[670.54, 714.52, 680.3, 740.5]",1,0,0,0
366,set04,video_0006,08058.png,0,4_6_1254,"[863.7, 726.3, 872.9, 754.2]",1,0,0,0
367,set04,video_0006,09307.png,0,4_6_1255,"[1013.91, 738.28, 1025.91, 767.32]",0,0,0,0
368,set04,video_0006,10667.png,0,4_6_1263,"[573.07, 711.22, 590.17, 762.37]",1,0,0,0
369,set04,video_0006,11968.png,198,4_6_1264,"[677.44, 714.65, 693.69, 767.9]",1,0,0,0
370,set04,video_0006,13423.png,0,4_6_1265,"[1177.46, 719.88, 1195.09, 777.93]",0,0,0,0
371,set04,video_0006,15734.png,0,4_6_1268,"[1058.55, 733.73, 1072.89, 788.51]",0,0,0,0
372,set04,video_0006,17097.png,0,4_6_1269,"[1910.24, 683.54, 1920.0, 717.08]",1,0,0,0
373,set04,video_0006,17584.png,0,4_6_1280,"[1023.88, 739.09, 1034.25, 763.15]",1,0,0,0
374,set04,video_0006,17611.png,0,4_6_1279,"[1051.77, 740.61, 1062.57, 767.25]",0,0,0,0
375,set04,video_0006,17657.png,0,4_6_1277,"[1122.84, 729.64, 1136.87, 767.27]",0,0,0,0
376,set04,video_0006,17809.png,167,4_6_1282,"[1753.02, 629.41, 1823.8, 896.3]",0,0,1,0
377,set04,video_0006,17809.png,81,4_6_1283,"[1665.34, 608.22, 1767.98, 977.48]",0,0,0,0
378,set04,video_0006,17809.png,136,4_6_1284,"[1573.09, 631.19, 1681.9, 965.68]",0,0,1,0
379,set04,video_0007,00057.png,0,4_7_1285,"[1162.19, 736.2, 1175.29, 773.21]",1,0,0,0
380,set04,video_0007,00760.png,0,4_7_1289,"[1018.59, 713.29, 1037.0, 764.3]",1,0,0,0
381,set04,video_0007,01021.png,0,4_7_1287,"[847.6, 722.41, 864.81, 780.85]",1,0,0,0
382,set04,video_0007,01313.png,261,4_7_1288,"[1866.31, 602.62, 1920.0, 879.48]",1,0,0,0
383,set04,video_0007,01313.png,507,4_7_1290,"[884.79, 713.86, 910.01, 758.5]",1,0,0,0
384,set04,video_0007,02087.png,0,4_7_1294,"[1052.11, 731.29, 1060.75, 758.22]",1,0,0,0
385,set04,video_0007,02114.png,0,4_7_1291,"[824.71, 728.43, 836.98, 768.35]",0,0,0,0
386,set04,video_0007,02509.png,207,4_7_1295,"[1008.99, 720.58, 1032.5, 782.12]",1,0,0,0
387,set04,video_0007,03130.png,0,4_7_1296,"[198.97, 613.57, 276.01, 907.8]",1,0,1,0
388,set04,video_0007,03376.png,0,4_7_1297,"[764.8, 730.11, 783.05, 782.37]",0,0,0,0
389,set04,video_0007,03685.png,270,4_7_1298,"[16.94, 607.68, 77.7, 861.9]",0,0,1,0
390,set04,video_0007,03685.png,104,4_7_1299,"[218.81, 629.61, 298.06, 866.06]",1,0,0,0
391,set04,video_0007,03685.png,153,4_7_1300,"[1087.82, 723.21, 1117.4, 811.04]",1,0,1,0
392,set04,video_0007,03685.png,42,4_7_1301,"[1050.36, 734.35, 1068.78, 789.68]",1,0,0,0
393,set04,video_0007,03685.png,26,4_7_1302,"[1579.71, 698.57, 1607.43, 770.56]",1,0,0,0
394,set04,video_0007,03968.png,0,4_7_1305,"[881.93, 726.5, 887.77, 745.27]",1,0,0,0
395,set04,video_0007,03990.png,0,4_7_1304,"[883.58, 722.36, 890.96, 749.38]",0,0,0,0
396,set04,video_0007,04100.png,0,4_7_1303,"[822.97, 732.14, 833.59, 764.44]",0,0,0,0
397,set04,video_0007,06278.png,829,4_7_1311,"[147.97, 530.02, 311.7, 1036.4]",0,0,0,0
398,set04,video_0007,06278.png,846,4_7_1312,"[32.93, 479.94, 148.58, 1045.72]",0,0,1,0
399,set04,video_0007,06278.png,1803,4_7_1319,"[1775.54, 695.24, 1841.87, 872.64]",1,0,0,-1
400,set04,video_0007,06525.png,0,4_7_1326,"[1073.59, 728.19, 1086.19, 760.11]",1,0,0,0
401,set04,video_0007,06536.png,0,4_7_1323,"[1145.2, 740.9, 1152.76, 768.5]",0,0,0,0
402,set04,video_0007,06542.png,0,4_7_1321,"[1171.93, 725.68, 1188.31, 771.57]",0,0,0,0
403,set04,video_0007,06793.png,246,4_7_1322,"[1302.65, 710.58, 1341.72, 814.46]",0,0,0,0
404,set04,video_0007,07952.png,0,4_7_1328,"[1139.79, 727.6, 1150.58, 759.95]",1,0,0,0
405,set04,video_0007,09052.png,0,4_7_1329,"[1843.13, 451.37, 1920.0, 1080.0]",1,0,0,0
406,set04,video_0007,10273.png,0,4_7_1332,"[1035.35, 727.28, 1045.8, 760.43]",0,0,0,0
407,set04,video_0007,10329.png,0,4_7_1331,"[1145.14, 732.24, 1153.8, 763.59]",1,0,0,0
408,set04,video_0007,10347.png,0,4_7_1330,"[1054.1, 727.82, 1069.63, 772.01]",0,0,0,0
409,set04,video_0007,10863.png,410,4_7_1335,"[1724.91, 666.8, 1775.4, 847.83]",0,0,0,0
410,set04,video_0007,10863.png,106,4_7_1336,"[1775.54, 656.42, 1820.62, 827.27]",0,0,0,0
411,set04,video_0007,12179.png,555,4_7_1341,"[629.02, 709.31, 654.46, 787.5]",1,0,0,1
412,set04,video_0007,12179.png,503,4_7_1342,"[12.72, 619.93, 62.74, 824.1]",1,0,0,1
413,set04,video_0007,12179.png,309,4_7_1343,"[208.68, 637.0, 293.42, 903.66]",1,0,0,1
414,set04,video_0007,12179.png,199,4_7_1344,"[964.61, 664.53, 1075.01, 963.93]",1,0,0,1
415,set04,video_0007,12179.png,9,4_7_1345,"[1875.13, 622.77, 1920.0, 859.2]",1,0,0,0
416,set04,video_0007,12881.png,0,4_7_1347,"[1102.66, 726.07, 1124.16, 814.22]",0,0,0,0
417,set04,video_0007,12889.png,0,4_7_1348,"[1142.19, 710.81, 1171.21, 826.19]",0,0,0,0
418,set04,video_0007,12969.png,0,4_7_1349,"[783.33, 730.91, 796.23, 761.76]",1,0,0,0
419,set04,video_0007,13088.png,0,4_7_1351,"[648.24, 711.59, 661.4, 756.2]",0,0,0,0
420,set04,video_0007,13200.png,144,4_7_1350,"[91.87, 681.14, 144.34, 799.24]",0,0,1,0
421,set04,video_0007,13200.png,141,4_7_1352,"[1293.44, 657.11, 1358.28, 887.98]",0,0,1,0
422,set04,video_0007,13200.png,121,4_7_1353,"[1220.95, 688.9, 1293.14, 863.94]",0,0,1,0
423,set04,video_0007,13200.png,210,4_7_1354,"[1570.7, 638.91, 1641.7, 844.7]",1,0,0,0
424,set04,video_0007,14235.png,0,4_7_1368,"[1039.96, 739.14, 1047.45, 760.31]",1,0,0,0
425,set04,video_0007,14328.png,0,4_7_1369,"[1084.16, 729.84, 1094.32, 760.12]",1,0,0,-1
426,set04,video_0007,14819.png,336,4_7_1370,"[1762.09, 579.18, 1858.2, 942.1]",1,0,0,0
427,set04,video_0007,15201.png,0,4_7_1361,"[970.7, 729.38, 985.38, 773.18]",0,0,0,0
428,set04,video_0007,15955.png,0,4_7_1362,"[1021.97, 723.68, 1044.67, 789.21]",0,0,0,0
429,set04,video_0007,16531.png,0,4_7_1363,"[1540.37, 707.68, 1570.83, 790.97]",1,0,0,0
430,set04,video_0007,17233.png,0,4_7_1365,"[0.0, 580.13, 13.16, 779.85]",1,0,0,0
431,set04,video_0007,17487.png,114,4_7_1366,"[822.95, 654.29, 985.62, 1076.88]",1,0,0,1
432,set04,video_0007,17828.png,0,4_7_1367,"[818.37, 727.12, 824.86, 745.36]",1,0,0,0
433,set04,video_0008,01335.png,0,4_8_1371,"[668.32, 722.9, 677.25, 751.84]",1,0,0,0
434,set04,video_0008,04304.png,0,4_8_1372,"[1022.4, 720.25, 1030.0, 744.01]",0,0,0,0
435,set04,video_0008,04331.png,0,4_8_1373,"[1049.16, 712.31, 1060.97, 742.84]",0,0,0,0
436,set04,video_0008,05775.png,0,4_8_1379,"[1313.14, 714.3, 1330.3, 768.5]",1,0,0,0
437,set04,video_0008,06111.png,254,4_8_1380,"[1851.18, 670.06, 1903.48, 851.88]",0,0,0,0
438,set04,video_0008,06111.png,183,4_8_1381,"[1841.36, 657.14, 1904.74, 884.46]",0,0,0,0
439,set04,video_0008,06111.png,231,4_8_1382,"[1753.13, 665.03, 1842.52, 887.44]",1,0,0,0
440,set04,video_0008,06111.png,310,4_8_1383,"[1119.43, 739.23, 1135.2, 793.75]",0,0,0,0
441,set04,video_0008,06111.png,122,4_8_1384,"[1127.5, 738.01, 1144.23, 790.77]",1,0,0,0
442,set04,video_0008,08216.png,0,4_8_1390,"[1031.37, 733.31, 1045.39, 763.4]",0,0,0,0
443,set04,video_0008,08435.png,104,4_8_1392,"[949.38, 716.6, 979.04, 800.3]",1,0,0,0
444,set04,video_0008,08435.png,49,4_8_1393,"[1798.19, 649.61, 1815.42, 698.15]",1,0,0,0
445,set04,video_0008,09270.png,0,4_8_1385,"[794.4, 730.58, 800.64, 752.54]",0,0,0,0
446,set04,video_0008,09320.png,0,4_8_1388,"[1025.08, 729.78, 1036.35, 762.29]",0,0,0,0
447,set04,video_0008,09654.png,348,4_8_1386,"[1812.82, 627.06, 1890.6, 938.12]",0,0,1,0
448,set04,video_0008,10058.png,0,4_8_1397,"[1300.02, 732.95, 1317.87, 778.34]",0,0,0,0
449,set04,video_0008,10670.png,590,4_8_1399,"[1137.3, 733.49, 1169.42, 829.8]",0,0,0,0
450,set04,video_0008,11142.png,0,4_8_1400,"[1065.94, 723.82, 1090.31, 800.73]",0,0,1,0
451,set04,video_0008,12273.png,0,4_8_1402,"[1191.21, 733.78, 1209.0, 784.6]",1,0,0,0
452,set04,video_0008,12326.png,0,4_8_1401,"[1213.61, 740.64, 1230.4, 790.8]",1,0,0,0
453,set04,video_0008,14040.png,0,4_8_1404,"[631.76, 711.63, 645.2, 759.8]",0,0,0,0
454,set04,video_0008,15268.png,519,4_8_1406,"[670.34, 692.18, 697.58, 775.26]",0,0,0,0
455,set04,video_0008,15268.png,379,4_8_1408,"[1262.54, 735.11, 1280.19, 782.08]",1,0,0,0
456,set04,video_0008,15268.png,354,4_8_1409,"[1278.32, 735.06, 1295.69, 778.07]",1,0,0,0
457,set04,video_0008,15268.png,1136,4_8_1405,"[1847.88, 685.56, 1917.04, 920.8]",1,0,0,1
458,set04,video_0008,15268.png,519,4_8_1407,"[657.64, 693.8, 683.82, 774.41]",1,0,0,0
459,set04,video_0009,03958.png,0,4_9_1421,"[657.34, 698.07, 674.78, 769.68]",1,0,0,0
460,set04,video_0009,04203.png,0,4_9_1412,"[145.04, 688.37, 163.99, 731.55]",0,0,0,0
461,set04,video_0009,04681.png,22,4_9_1413,"[1083.65, 731.24, 1105.37, 770.13]",1,0,0,0
462,set04,video_0009,05188.png,362,4_9_1417,"[1676.69, 678.66, 1740.82, 892.06]",1,0,0,1
463,set04,video_0009,05354.png,0,4_9_1426,"[0.0, 627.56, 20.2, 807.79]",1,0,0,0
464,set04,video_0009,05382.png,0,4_9_1427,"[0.0, 605.44, 17.16, 795.8]",1,0,0,0
465,set04,video_0009,05575.png,0,4_9_1420,"[7.75, 610.06, 57.24, 798.9]",1,0,0,0
466,set04,video_0009,06676.png,0,4_9_1428,"[0.0, 655.94, 13.56, 741.6]",0,0,0,0
467,set04,video_0009,06807.png,8,4_9_1431,"[820.73, 724.97, 828.08, 742.93]",0,0,0,0
468,set04,video_0009,06888.png,0,4_9_1429,"[803.1, 725.86, 820.28, 777.21]",0,0,1,0
469,set04,video_0009,07126.png,264,4_9_1432,"[71.44, 627.53, 191.9, 1014.6]",0,0,1,0
470,set04,video_0009,07126.png,205,4_9_1433,"[1867.18, 584.78, 1920.0, 1074.3]",1,0,0,0
471,set04,video_0009,08472.png,0,4_9_1435,"[1338.59, 736.82, 1352.21, 781.4]",1,0,0,0
472,set04,video_0009,08553.png,0,4_9_1434,"[1216.05, 732.54, 1234.8, 792.8]",0,0,0,0
473,set04,video_0009,08678.png,62,4_9_1436,"[1283.2, 734.84, 1309.54, 802.78]",1,0,1,0
474,set04,video_0009,08678.png,88,4_9_1437,"[1379.67, 722.98, 1399.19, 795.94]",0,0,0,0
475,set04,video_0009,08678.png,74,4_9_1438,"[1348.7, 733.82, 1374.18, 802.22]",0,0,0,0
476,set04,video_0009,08811.png,0,4_9_1440,"[1211.52, 729.73, 1237.75, 795.51]",0,0,1,0
477,set04,video_0009,08862.png,0,4_9_1439,"[1016.25, 735.43, 1022.47, 755.3]",0,0,0,0
478,set04,video_0009,09095.png,0,4_9_1445,"[799.99, 723.03, 812.53, 760.29]",0,0,0,0
479,set04,video_0009,09260.png,0,4_9_1443,"[679.72, 721.27, 704.1, 809.11]",0,0,0,0
480,set04,video_0009,09325.png,46,4_9_1444,"[0.0, 579.7, 54.6, 885.8]",0,0,0,0
481,set04,video_0009,09327.png,110,4_9_1447,"[741.22, 698.12, 770.3, 779.9]",0,0,0,0
482,set04,video_0009,09327.png,226,4_9_1449,"[682.83, 697.98, 706.96, 778.58]",0,0,0,0
483,set04,video_0009,09327.png,108,4_9_1442,"[17.33, 607.14, 77.5, 887.82]",0,0,1,0
484,set04,video_0009,09327.png,266,4_9_1448,"[653.43, 699.06, 681.43, 781.54]",1,0,0,0
485,set04,video_0009,09827.png,0,4_9_1456,"[1210.14, 730.24, 1225.19, 781.41]",1,0,0,0
486,set04,video_0009,09830.png,0,4_9_1451,"[604.52, 705.02, 617.21, 769.22]",0,0,0,0
487,set04,video_0009,09854.png,0,4_9_1452,"[481.45, 693.99, 500.86, 782.97]",0,0,0,0
488,set04,video_0009,10094.png,0,4_9_1455,"[1182.89, 742.94, 1195.78, 777.24]",1,0,0,0
489,set04,video_0009,10094.png,0,4_9_1459,"[1194.66, 738.28, 1208.83, 776.99]",1,0,0,0
490,set04,video_0009,10120.png,0,4_9_1453,"[1175.5, 738.37, 1185.87, 781.39]",1,0,0,0
491,set04,video_0009,10120.png,0,4_9_1454,"[1183.05, 741.75, 1193.99, 777.75]",1,0,0,0
492,set04,video_0009,10714.png,0,4_9_1458,"[780.69, 727.34, 798.11, 778.6]",1,0,0,0
493,set04,video_0009,10723.png,0,4_9_1457,"[757.35, 715.61, 778.85, 777.24]",1,0,0,0
494,set04,video_0009,11065.png,0,4_9_1460,"[1176.78, 704.14, 1207.31, 792.72]",1,0,0,0
495,set04,video_0009,11363.png,0,4_9_1461,"[1903.28, 684.96, 1916.56, 731.4]",1,0,0,0
496,set04,video_0009,11844.png,0,4_9_1463,"[59.6, 668.42, 77.51, 728.62]",1,0,0,0
497,set04,video_0009,12259.png,0,4_9_1462,"[1260.56, 733.85, 1280.9, 806.3]",0,0,0,0
498,set04,video_0009,14101.png,0,4_9_1465,"[1304.04, 745.96, 1319.71, 783.78]",1,0,0,0
499,set04,video_0009,14108.png,0,4_9_1464,"[1315.57, 739.06, 1336.3, 799.9]",1,0,0,-1
500,set04,video_0009,14811.png,338,4_9_1467,"[209.3, 638.38, 321.5, 925.62]",1,0,0,1
501,set04,video_0009,15153.png,0,4_9_1468,"[814.5, 734.45, 824.29, 758.78]",1,0,0,0
502,set04,video_0009,15181.png,0,4_9_1474,"[1023.45, 737.14, 1034.85, 771.56]",1,0,0,0
503,set04,video_0009,15739.png,0,4_9_1471,"[4.02, 606.54, 41.79, 750.19]",1,0,1,0
504,set04,video_0010,00447.png,0,4_10_1475,"[1165.27, 724.21, 1183.6, 783.9]",1,0,0,0
505,set04,video_0010,00710.png,0,4_10_1478,"[1152.93, 736.94, 1163.94, 769.68]",1,0,0,0
506,set04,video_0010,00747.png,0,4_10_1477,"[1427.42, 727.78, 1447.31, 788.47]",1,0,0,0
507,set04,video_0010,01063.png,319,4_10_1480,"[810.03, 716.04, 865.3, 860.6]",1,0,0,0
508,set04,video_0010,01063.png,275,4_10_1481,"[757.89, 721.32, 804.2, 860.42]",1,0,1,0
509,set04,video_0010,01284.png,0,4_10_1482,"[847.83, 742.42, 858.38, 768.14]",0,0,0,0
510,set04,video_0010,02538.png,0,4_10_1483,"[1051.56, 739.61, 1058.61, 763.87]",0,0,0,0
511,set04,video_0010,02975.png,0,4_10_1485,"[1261.13, 734.14, 1272.5, 776.4]",1,0,0,0
512,set04,video_0010,04790.png,0,4_10_1486,"[670.52, 719.61, 680.22, 748.6]",1,0,0,-1
513,set04,video_0010,05461.png,636,4_10_1490,"[1493.39, 621.42, 1562.38, 909.88]",0,0,1,0
514,set04,video_0010,05461.png,474,4_10_1491,"[1445.54, 664.18, 1526.5, 902.5]",0,0,0,0
515,set04,video_0010,05461.png,268,4_10_1492,"[1542.69, 642.83, 1599.88, 850.1]",1,0,0,0
516,set04,video_0010,05461.png,222,4_10_1493,"[1590.9, 620.6, 1678.46, 854.16]",1,0,0,0
517,set04,video_0010,05535.png,0,4_10_1497,"[1583.37, 676.4, 1603.4, 754.3]",0,0,0,0
518,set04,video_0010,06597.png,0,4_10_1498,"[1041.37, 726.36, 1056.85, 770.74]",0,0,0,0
519,set04,video_0010,06682.png,0,4_10_1500,"[1075.95, 732.37, 1087.97, 767.83]",0,0,0,0
520,set04,video_0010,07347.png,177,4_10_1502,"[933.44, 732.49, 957.6, 796.4]",0,0,0,0
521,set04,video_0010,07347.png,123,4_10_1504,"[876.83, 715.38, 907.6, 812.44]",0,0,0,0
522,set04,video_0010,07347.png,125,4_10_1505,"[869.75, 712.39, 901.66, 802.63]",0,0,0,0
523,set04,video_0010,07347.png,193,4_10_1501,"[990.11, 715.09, 1036.72, 807.78]",0,0,0,0
524,set04,video_0010,07347.png,648,4_10_1499,"[1865.27, 571.25, 1920.0, 972.84]",0,0,0,0
525,set04,video_0010,07347.png,173,4_10_1503,"[910.57, 715.2, 940.4, 813.8]",0,0,0,0
526,set04,video_0010,07347.png,126,4_10_1506,"[841.27, 720.56, 873.14, 811.06]",0,0,1,0
527,set04,video_0010,07347.png,58,4_10_1507,"[803.46, 717.09, 833.18, 800.62]",0,0,0,0
528,set04,video_0010,10240.png,0,4_10_1508,"[1013.26, 720.95, 1030.03, 769.54]",0,0,0,0
529,set04,video_0010,12697.png,0,4_10_1509,"[1041.71, 742.84, 1052.51, 769.19]",1,0,0,0
530,set04,video_0010,12697.png,0,4_10_1510,"[1055.01, 744.17, 1065.21, 770.47]",1,0,0,0
531,set04,video_0010,12896.png,174,4_10_1511,"[1833.61, 609.74, 1913.4, 911.36]",1,0,0,0
532,set04,video_0010,13376.png,0,4_10_1512,"[972.91, 721.09, 987.43, 770.03]",1,0,0,0
533,set04,video_0010,13625.png,0,4_10_1514,"[974.91, 734.81, 982.37, 767.9]",0,0,0,0
534,set04,video_0010,13811.png,145,4_10_1513,"[1787.03, 616.78, 1846.16, 864.36]",0,0,0,0
535,set04,video_0010,13995.png,0,4_10_1518,"[1376.96, 693.91, 1440.94, 854.38]",0,0,0,0
536,set04,video_0010,14096.png,0,4_10_1519,"[1028.14, 726.99, 1038.8, 756.09]",1,0,0,0
537,set04,video_0010,14679.png,378,4_10_1521,"[1425.16, 613.26, 1577.11, 1021.41]",1,0,0,1
538,set04,video_0010,14679.png,386,4_10_1522,"[1332.7, 674.72, 1432.37, 934.79]",1,0,0,1
539,set04,video_0011,00356.png,0,4_11_1523,"[1012.79, 729.89, 1022.59, 758.29]",0,0,0,0
540,set04,video_0011,00356.png,0,4_11_1524,"[1004.2, 733.9, 1012.3, 758.6]",0,0,0,0
541,set04,video_0011,00632.png,106,4_11_1525,"[1734.35, 627.05, 1851.2, 1019.4]",0,0,1,0
542,set04,video_0011,00643.png,0,4_11_1526,"[656.34, 733.79, 670.07, 780.08]",1,0,0,0
543,set04,video_0011,00765.png,94,4_11_1527,"[1080.5, 724.62, 1106.05, 779.36]",1,0,0,1
544,set04,video_0011,00765.png,75,4_11_1528,"[1111.9, 715.16, 1135.59, 778.96]",1,0,0,1
545,set04,video_0011,02476.png,0,4_11_1529,"[812.51, 725.13, 830.1, 775.1]",1,0,0,0
546,set04,video_0011,02943.png,171,4_11_1531,"[719.44, 693.07, 773.9, 845.03]",1,0,1,0
547,set04,video_0011,04237.png,0,4_11_1532,"[1520.69, 689.39, 1548.55, 785.98]",1,0,0,0
548,set04,video_0011,13117.png,0,4_11_1538,"[694.85, 733.93, 710.57, 771.31]",1,0,0,-1
549,set04,video_0011,13411.png,0,4_11_1533,"[1300.42, 700.88, 1343.78, 805.58]",1,0,0,-1
550,set04,video_0011,13689.png,0,4_11_1540,"[328.29, 731.16, 343.59, 776.43]",0,0,0,0
551,set04,video_0011,13703.png,0,4_11_1534,"[342.29, 714.25, 357.15, 760.16]",0,0,0,0
552,set04,video_0011,13894.png,279,4_11_1536,"[1312.1, 709.34, 1363.3, 870.3]",0,0,1,0
553,set04,video_0011,13894.png,201,4_11_1537,"[1622.25, 650.25, 1693.53, 884.97]",0,0,0,0
554,set04,video_0011,14310.png,0,4_11_1535,"[1064.89, 734.36, 1085.45, 798.62]",0,0,0,0
555,set04,video_0012,00143.png,0,4_12_1543,"[1070.0, 725.89, 1103.97, 799.64]",0,0,0,0
556,set04,video_0012,00468.png,185,4_12_1544,"[1762.17, 548.55, 1913.5, 1038.81]",0,0,1,0
557,set04,video_0012,00925.png,0,4_12_1545,"[848.67, 731.38, 859.12, 763.97]",1,0,0,0
558,set04,video_0012,01373.png,0,4_12_1548,"[1069.33, 722.42, 1097.24, 793.5]",1,0,0,0
559,set04,video_0012,01714.png,0,4_12_1549,"[542.62, 679.36, 601.63, 855.77]",0,0,0,0
560,set04,video_0012,01891.png,0,4_12_1550,"[1094.96, 714.21, 1116.9, 787.65]",1,0,0,0
561,set04,video_0012,02134.png,227,4_12_1551,"[1888.55, 573.68, 1920.0, 1011.9]",0,0,0,0
562,set04,video_0012,02134.png,6,4_12_1552,"[1011.73, 720.53, 1029.52, 784.94]",1,0,0,0
563,set04,video_0012,02480.png,0,4_12_1554,"[1071.99, 713.15, 1098.43, 798.82]",1,0,0,0
564,set04,video_0012,02757.png,0,4_12_1553,"[1021.68, 723.07, 1036.56, 778.11]",1,0,0,0
565,set04,video_0012,03364.png,197,4_12_1555,"[1033.08, 727.64, 1054.9, 790.4]",1,0,0,0
566,set04,video_0012,03763.png,271,4_12_1556,"[1100.58, 685.51, 1181.74, 879.08]",1,0,0,0
567,set04,video_0012,03967.png,0,4_12_1557,"[1505.22, 670.59, 1550.91, 802.33]",1,0,0,0
568,set04,video_0012,04278.png,161,4_12_1561,"[1044.79, 732.28, 1073.7, 808.9]",0,0,1,0
569,set04,video_0012,04278.png,206,4_12_1562,"[1034.61, 735.78, 1057.1, 802.27]",0,0,1,0
570,set04,video_0012,04278.png,148,4_12_1563,"[1009.13, 732.34, 1027.57, 787.6]",1,0,0,0
571,set04,video_0012,04278.png,37,4_12_1564,"[1002.18, 737.12, 1012.6, 774.19]",1,0,0,0
572,set04,video_0012,04278.png,35,4_12_1558,"[658.04, 712.22, 688.31, 803.72]",1,0,0,0
573,set04,video_0012,04722.png,127,4_12_1566,"[1559.51, 604.36, 1709.58, 984.36]",1,0,0,0
574,set04,video_0012,04722.png,194,4_12_1568,"[1732.1, 574.8, 1875.05, 1053.98]",0,0,1,0
575,set04,video_0012,04722.png,177,4_12_1569,"[1867.59, 533.04, 1920.0, 1002.05]",0,0,1,0
576,set04,video_0012,04722.png,92,4_12_1570,"[1238.28, 710.82, 1287.86, 879.3]",0,0,0,0
577,set04,video_0012,04722.png,147,4_12_1571,"[646.28, 681.27, 729.09, 894.31]",1,4,1,0
578,set04,video_0012,04722.png,106,4_12_1573,"[781.16, 733.2, 802.66, 798.92]",1,0,0,0
579,set04,video_0012,04841.png,114,4_12_1578,"[1043.04, 725.09, 1059.55, 771.6]",1,0,0,0
580,set04,video_0012,04914.png,0,4_12_1575,"[1008.06, 737.0, 1017.18, 765.08]",1,0,0,0
581,set04,video_0012,04965.png,0,4_12_1574,"[1004.79, 731.18, 1016.09, 768.28]",1,0,0,0
582,set04,video_0012,05652.png,703,4_12_1576,"[123.49, 593.98, 297.1, 1055.0]",1,0,0,1
583,set04,video_0012,06069.png,242,4_12_1579,"[1748.41, 537.46, 1878.74, 1055.7]",1,0,1,0
584,set04,video_0012,06069.png,788,4_12_1581,"[977.87, 729.65, 992.64, 774.14]",1,0,0,0
585,set04,video_0012,06069.png,157,4_12_1582,"[951.47, 733.78, 961.58, 767.82]",0,0,0,0
586,set04,video_0012,06069.png,119,4_12_1583,"[965.56, 732.91, 976.32, 768.12]",0,0,0,0
587,set04,video_0012,09158.png,0,4_12_1584,"[1606.91, 626.64, 1665.39, 853.25]",1,0,0,0
588,set04,video_0012,09927.png,0,4_12_1585,"[5.36, 667.52, 12.5, 687.41]",1,0,0,0
589,set04,video_0012,11653.png,0,4_12_1598,"[973.71, 747.0, 993.55, 773.74]",0,0,0,0
590,set04,video_0012,11662.png,0,4_12_1594,"[747.95, 718.57, 769.37, 772.74]",0,0,0,0
591,set04,video_0012,11664.png,0,4_12_1593,"[774.62, 718.96, 790.35, 773.37]",0,0,0,0
592,set04,video_0012,12098.png,0,4_12_1586,"[576.59, 701.15, 621.5, 831.6]",0,0,0,0
593,set04,video_0012,12887.png,1141,4_12_1595,"[0.0, 571.09, 39.48, 893.02]",0,0,0,0
594,set04,video_0012,12984.png,3,4_12_1599,"[731.99, 724.94, 772.57, 823.4]",1,0,0,0
595,set04,video_0012,14402.png,0,4_12_1600,"[835.33, 730.1, 852.95, 768.0]",1,0,0,0
596,set04,video_0012,15047.png,216,4_12_1602,"[156.8, 656.6, 235.78, 869.5]",1,0,1,0
597,set04,video_0012,15141.png,0,4_12_1603,"[1266.69, 703.63, 1287.7, 755.1]",1,0,0,0
598,set04,video_0012,15447.png,0,4_12_1604,"[1110.34, 711.81, 1146.0, 807.4]",1,0,0,0
599,set04,video_0012,16439.png,0,4_12_1605,"[1213.39, 725.61, 1233.54, 790.38]",0,0,0,0
600,set04,video_0012,16643.png,198,4_12_1606,"[37.41, 627.36, 137.46, 955.98]",0,0,1,0
601,set04,video_0012,16643.png,28,4_12_1607,"[792.15, 721.5, 852.95, 803.9]",1,0,0,0
602,set04,video_0012,16867.png,0,4_12_1608,"[794.46, 727.7, 809.0, 772.33]",0,0,0,0
603,set04,video_0012,17404.png,504,4_12_1609,"[35.46, 597.57, 121.91, 942.42]",0,0,0,0
604,set04,video_0012,17596.png,0,4_12_1611,"[1134.05, 681.49, 1186.05, 808.4]",1,0,0,0
605,set04,video_0012,17730.png,115,4_12_1612,"[279.81, 675.42, 337.84, 847.04]",0,0,1,0
606,set04,video_0012,17730.png,91,4_12_1613,"[337.07, 680.76, 403.24, 851.28]",0,0,1,0
607,set04,video_0012,17730.png,122,4_12_1614,"[466.62, 709.74, 502.67, 806.35]",1,0,0,0
608,set04,video_0012,17730.png,118,4_12_1615,"[1800.65, 512.63, 1920.0, 1080.0]",1,0,1,0
609,set04,video_0012,18016.png,210,4_12_1616,"[707.11, 714.21, 769.2, 814.2]",1,0,0,0
610,set04,video_0012,18016.png,207,4_12_1617,"[695.14, 714.37, 734.78, 815.66]",1,0,0,0
611,set04,video_0012,18016.png,106,4_12_1618,"[650.75, 710.79, 687.93, 818.46]",1,0,0,0
612,set04,video_0012,18016.png,195,4_12_1619,"[870.61, 709.95, 926.62, 844.66]",1,0,0,0
613,set04,video_0012,18016.png,185,4_12_1620,"[481.48, 676.02, 543.4, 854.7]",0,0,0,0
614,set04,video_0012,18096.png,0,4_12_1623,"[905.07, 730.92, 916.41, 765.1]",0,0,0,0
615,set04,video_0012,18628.png,161,4_12_1624,"[983.84, 722.35, 995.34, 754.58]",1,0,0,0
616,set04,video_0012,18901.png,168,4_12_1625,"[973.76, 739.5, 983.97, 767.45]",1,0,0,0
617,set04,video_0012,19287.png,188,4_12_1626,"[1317.88, 628.18, 1538.8, 1079.52]",1,0,0,0
618,set04,video_0012,19846.png,0,4_12_1627,"[1897.17, 622.66, 1920.0, 838.79]",0,0,1,0
619,set04,video_0012,19971.png,26,4_12_1628,"[1322.78, 721.44, 1356.34, 823.22]",0,0,1,0
620,set04,video_0012,20531.png,0,4_12_1629,"[1003.36, 736.18, 1011.04, 759.7]",0,0,0,0
621,set04,video_0012,20709.png,0,4_12_1634,"[1023.09, 730.38, 1033.62, 766.24]",0,0,0,0
622,set04,video_0012,20850.png,273,4_12_1633,"[1665.64, 586.75, 1792.48, 940.48]",0,0,1,0
623,set04,video_0013,01645.png,0,4_13_1636,"[872.39, 706.58, 903.48, 817.63]",0,0,0,0
624,set04,video_0013,01822.png,171,4_13_1637,"[1814.08, 589.24, 1920.0, 978.4]",0,0,0,0
625,set04,video_0013,01822.png,130,4_13_1638,"[1592.26, 653.94, 1673.0, 928.95]",0,0,1,0
626,set04,video_0013,02281.png,0,4_13_1639,"[987.8, 740.44, 997.67, 766.41]",0,0,0,0
627,set04,video_0013,02510.png,174,4_13_1640,"[1824.61, 617.81, 1920.0, 1046.1]",0,0,1,0
628,set04,video_0013,06279.png,0,4_13_1641,"[963.32, 726.33, 978.55, 764.85]",0,0,0,0
629,set04,video_0013,06658.png,0,4_13_1644,"[990.02, 736.38, 999.38, 762.01]",0,0,0,0
630,set04,video_0013,06700.png,0,4_13_1643,"[1017.06, 738.36, 1025.96, 764.46]",0,0,0,0
631,set04,video_0013,06886.png,159,4_13_1645,"[1784.52, 613.46, 1879.46, 977.94]",0,0,0,0
632,set04,video_0013,07794.png,0,4_13_1646,"[824.61, 729.85, 831.23, 748.43]",0,0,0,0
633,set04,video_0013,12251.png,0,4_13_1648,"[731.9, 734.22, 743.42, 767.19]",0,0,0,0
634,set04,video_0013,12574.png,123,4_13_1649,"[1579.91, 677.57, 1630.87, 834.28]",0,0,0,0
635,set04,video_0013,12574.png,176,4_13_1650,"[1422.45, 698.42, 1477.36, 849.81]",0,0,0,0
636,set04,video_0013,12574.png,149,4_13_1651,"[1472.35, 679.98, 1521.69, 849.18]",0,0,0,0
637,set04,video_0013,12574.png,56,4_13_1652,"[1662.81, 661.5, 1725.34, 861.9]",1,0,0,0
638,set04,video_0013,13690.png,0,4_13_1654,"[962.19, 738.91, 969.2, 757.5]",1,0,0,0
639,set04,video_0013,13915.png,0,4_13_1653,"[1010.43, 735.89, 1024.76, 771.0]",1,0,0,0
640,set04,video_0013,16905.png,0,4_13_1656,"[811.24, 728.72, 828.08, 774.23]",0,0,0,0
641,set04,video_0013,16917.png,0,4_13_1657,"[782.86, 724.72, 797.58, 771.17]",0,0,0,0
642,set04,video_0014,03094.png,0,4_14_1658,"[1075.32, 730.23, 1087.6, 765.4]",1,0,0,0
643,set04,video_0014,03557.png,0,4_14_1659,"[766.71, 736.82, 784.5, 778.8]",0,0,0,0
644,set04,video_0014,03916.png,0,4_14_1660,"[947.98, 731.29, 960.47, 758.58]",0,0,0,0
645,set04,video_0014,08252.png,0,4_14_1661,"[702.62, 720.69, 711.83, 755.57]",0,0,0,0
646,set04,video_0014,08395.png,133,4_14_1662,"[19.36, 647.29, 52.77, 776.2]",1,0,0,0
647,set04,video_0014,08910.png,0,4_14_1663,"[834.27, 730.21, 843.7, 761.2]",1,0,0,0
648,set04,video_0014,12052.png,0,4_14_1664,"[1061.3, 732.9, 1072.52, 775.7]",0,0,0,0
649,set04,video_0014,12447.png,0,4_14_1665,"[810.81, 736.82, 817.79, 758.49]",0,0,0,0
650,set04,video_0014,14948.png,0,4_14_1666,"[1610.63, 700.37, 1623.9, 743.2]",1,0,0,0
651,set04,video_0014,16437.png,0,4_14_1667,"[876.13, 753.77, 885.2, 776.2]",0,0,0,0
652,set04,video_0014,16650.png,117,4_14_1669,"[6.04, 658.17, 43.3, 792.3]",0,0,0,0
653,set04,video_0014,16650.png,83,4_14_1670,"[1125.71, 704.76, 1149.59, 778.72]",0,0,1,0
654,set04,video_0014,16650.png,73,4_14_1671,"[1073.14, 711.77, 1100.72, 784.36]",0,0,0,0
655,set04,video_0015,00037.png,0,4_15_1672,"[710.14, 724.68, 729.18, 782.32]",0,0,0,0
656,set04,video_0015,00901.png,28,4_15_1674,"[1196.42, 728.41, 1222.16, 787.22]",0,0,0,0
657,set04,video_0015,00901.png,18,4_15_1675,"[1247.08, 723.64, 1264.42, 790.35]",0,0,0,0
658,set04,video_0015,00901.png,13,4_15_1676,"[1244.46, 722.45, 1260.98, 789.23]",0,0,0,0
659,set04,video_0015,00901.png,178,4_15_1677,"[1316.25, 722.88, 1339.8, 798.9]",1,0,0,-1
660,set04,video_0015,02214.png,0,4_15_1678,"[216.45, 686.24, 239.82, 758.49]",1,0,0,0
661,set04,video_0015,03490.png,0,4_15_1679,"[1146.17, 735.94, 1164.81, 787.2]",1,0,0,0
662,set04,video_0015,03844.png,330,4_15_1680,"[1729.19, 612.97, 1838.86, 954.5]",1,0,0,0
663,set04,video_0015,03844.png,275,4_15_1681,"[411.6, 639.07, 541.1, 1036.04]",1,0,0,1
664,set04,video_0015,04373.png,0,4_15_1682,"[1151.38, 718.26, 1189.45, 819.53]",1,0,1,0
665,set04,video_0015,04596.png,0,4_15_1684,"[1060.57, 733.81, 1077.12, 782.89]",0,0,0,0
666,set04,video_0015,04859.png,167,4_15_1686,"[1793.54, 566.46, 1904.0, 1036.99]",0,0,0,0
667,set04,video_0015,06151.png,0,4_15_1690,"[643.94, 709.03, 661.69, 767.78]",1,0,0,0
668,set04,video_0015,06158.png,0,4_15_1689,"[1003.56, 727.21, 1023.15, 768.52]",1,0,0,0
669,set04,video_0015,07149.png,0,4_15_1692,"[1134.42, 725.38, 1149.51, 770.86]",1,0,0,0
670,set04,video_0015,07460.png,0,4_15_1693,"[1064.3, 721.69, 1082.6, 776.74]",1,0,1,0
671,set04,video_0015,09128.png,0,4_15_1697,"[1026.37, 728.37, 1048.77, 784.92]",1,0,0,0
672,set04,video_0015,09222.png,0,4_15_1695,"[1043.07, 709.13, 1073.19, 792.12]",1,0,0,0
673,set04,video_0015,09251.png,0,4_15_1694,"[491.48, 687.98, 530.61, 795.86]",1,0,0,0
674,set04,video_0015,09855.png,331,4_15_1698,"[66.67, 602.39, 125.53, 840.3]",1,0,0,0
675,set04,video_0015,09855.png,700,4_15_1699,"[6.99, 582.4, 53.77, 802.82]",1,0,0,0
676,set04,video_0015,09855.png,315,4_15_1700,"[19.35, 590.72, 82.71, 833.36]",1,0,0,0
677,set04,video_0015,09855.png,169,4_15_1701,"[204.61, 649.9, 305.6, 957.2]",1,0,0,0
678,set04,video_0015,11070.png,0,4_15_1696,"[832.99, 721.7, 849.8, 778.9]",0,0,0,0
679,set04,video_0015,12281.png,0,4_15_1704,"[1869.05, 686.16, 1882.57, 721.46]",0,0,0,0
680,set04,video_0015,12330.png,0,4_15_1705,"[1319.6, 742.13, 1333.09, 786.5]",0,0,0,0
681,set04,video_0015,12517.png,138,4_15_1706,"[1171.69, 694.11, 1221.32, 818.68]",1,0,0,0
682,set04,video_0015,12517.png,111,4_15_1707,"[1167.54, 705.2, 1199.17, 809.8]",1,0,1,0
683,set04,video_0015,13691.png,0,4_15_1709,"[911.53, 722.43, 923.63, 768.92]",0,0,0,0
684,set04,video_0015,13691.png,0,4_15_1710,"[905.22, 741.17, 915.25, 765.19]",0,0,0,0
685,set04,video_0015,15727.png,0,4_15_1708,"[1326.46, 722.75, 1336.0, 747.64]",0,0,0,0
686,set04,video_0016,00173.png,0,4_16_1711,"[565.25, 722.04, 581.11, 773.59]",1,0,0,0
687,set04,video_0016,00526.png,0,4_16_1713,"[989.2, 731.7, 996.43, 746.6]",1,0,0,0
688,set04,video_0016,02288.png,0,4_16_1714,"[1871.59, 543.5, 1920.0, 945.6]",1,0,0,0
689,set04,video_0016,02902.png,0,4_16_1715,"[969.79, 740.02, 978.71, 759.75]",0,0,0,0
690,set04,video_0016,04568.png,0,4_16_1716,"[1188.16, 714.75, 1201.42, 767.06]",0,0,0,0
691,set04,video_0016,08403.png,0,4_16_1718,"[1853.4, 549.48, 1920.0, 885.4]",1,0,0,0
692,set04,video_0016,11680.png,0,4_16_1719,"[981.47, 742.67, 993.92, 770.54]",0,0,0,0
693,set04,video_0016,11843.png,0,4_16_1723,"[984.92, 732.21, 994.25, 757.96]",0,0,0,0
694,set04,video_0016,11843.png,0,4_16_1724,"[990.82, 742.53, 998.5, 759.12]",0,0,0,0
695,set04,video_0016,11843.png,0,4_16_1720,"[1038.33, 731.7, 1048.54, 770.02]",0,0,0,0
696,set04,video_0016,11843.png,0,4_16_1721,"[1045.47, 727.23, 1055.01, 763.93]",0,0,0,0
697,set04,video_0016,11843.png,0,4_16_1725,"[996.24, 735.89, 1005.2, 758.1]",0,0,0,0
698,set04,video_0016,11921.png,0,4_16_1722,"[1202.91, 721.57, 1225.95, 804.51]",0,0,0,0
699,set04,video_0016,12950.png,0,4_16_1728,"[730.54, 728.5, 740.9, 759.43]",1,0,0,0
700,set04,video_0016,12950.png,0,4_16_1729,"[716.84, 728.58, 725.76, 756.82]",0,0,0,0
701,set04,video_0016,12950.png,0,4_16_1730,"[715.38, 738.12, 723.0, 757.4]",0,0,0,0
702,set04,video_0016,16802.png,0,4_16_1717,"[1420.14, 718.49, 1436.24, 772.36]",1,0,0,0
